quarter,clockmin,clocksec,drive_id,down,distance,offteam,defteam,ballposition,play_type,yards_gained,yac,offense_playcall,offense_personnel,offense_formation,offense_qbdepth,offense_situation,defense_front,defense_personnel,defense_call,blitz_type,double_type,spy_type,defense_situation,tackle_player,assist_tackle_player,blitz_player,penalty_player,penalty_type,penalty_declined,ball_carrierid,rundir,play_id,routes,skill_players,prim_route,sec_route,game_id,game_year,game_week,game_city,game_state,game_temp,game_wind,game_weather,distance_to_endzone,FieldPosition,flag_2min,fumble_flag,sack_flag,int_flag,hurry_flag,drop_flag,defpass_flag,incomppass_flag,comppass_flag,playaction_flag,counterplay_flag,safety_flag,badpass_flag,deftd_flag,offtd_flag,tfl_flag
1Q,14,21,0,1,10,TOR,BOR,TOR30,pass,0,0,122 Strong Pass TYXZA SF38W Normal,122,Strong,Normal,1-10poss,43 Over,Regular Personnel,Cover-1,Blitz 1,Double,None,Normal,,,SLB G.Gilmore,None,None,False,,,1,SF38W,TYXZA,S,F,0,2108,Week 4,Toronto,MA,49,calm,fair,70,NORMAL,False,False,False,False,False,False,False,False,False,False,False,False,False,False,False,False
1Q,14,14,0,2,10,TOR,BOR,TOR30,pass,0,0,113 Strong Pass AYXZR F257F Normal,113,Strong,Normal,1or2-10-12,43 Over,Nickel Personnel,Press-2,Blitz 1,None,None,Normal,,,MLB C.Rainwater,None,None,False,,,2,F257F,AYXZR,F,2,0,2108,Week 4,Toronto,MA,49,calm,fair,70,NORMAL,False,False,False,False,False,True,False,False,False,False,False,False,False,False,False,False
1Q,14,10,0,3,10,TOR,BOR,TOR30,run,0,0,104 Weak Run 22 Shotgun,104,Weak,Shotgun,3or4-10-12,43 Over,Dime Personnel,Cover-2,No Blitz,None,None,3long,S Ty Covington,,,None,None,False,2,2,3,,,,,0,2108,Week 4,Toronto,MA,49,calm,fair,70,NORMAL,False,False,False,False,False,False,False,False,False,False,False,False,False,False,False,False
1Q,13,23,1,1,10,BOR,TOR,BOR10,pass,14,3,113 Pro Pass RYXZA 1F6DF Normal,113,Pro,Normal,1-10poss,True 34,Nickel Personnel,Cover-2,No Blitz,Double,None,Normal,CB Devon Kirwan,CB Frederick Peterson,, OLB Marcus Bertolone,Defensive Holding,False,,,5,1F6DF,RYXZA,1,F,0,2108,Week 4,Toronto,MA,49,calm,fair,90,NORMAL,False,False,False,False,False,False,False,False,True,False,False,False,False,False,False,False
1Q,13,17,1,1,10,BOR,TOR,BOR24,run,-4,0,113 Weak Run 21 Pistol,113,Weak,Pistol,1-10earn,True 34,Nickel Personnel,Cover-2,No Blitz,None,None,Normal,OLB Marcus Bertolone,S Luis Pasich,,None,None,False,2,1,6,,,,,0,2108,Week 4,Toronto,MA,49,calm,fair,76,NORMAL,False,False,False,False,False,False,False,False,False,False,False,False,False,False,False,True
1Q,12,39,1,2,14,BOR,TOR,BOR20,pass,0,0,122 I Pass AXZT 2583 Normal,122,I,Normal,1or2-13+,True 34,Regular Personnel,Press-2,No Blitz,None,None,Normal,,,,None,None,False,,,7,2583,AXZT,2,5,0,2108,Week 4,Toronto,MA,49,calm,fair,80,NORMAL,False,False,False,False,True,False,False,True,False,False,False,False,False,False,False,False
1Q,12,34,1,3,14,BOR,TOR,BOR20,pass,4,0,203 Pro Pass XZR 13S Shotgun,203,Pro,Shotgun,3or4-13-16,True 34,Nickel Personnel,Press-2,No Blitz,None,None,3long,OLB Marcus Bertolone,CB Devin Bass,,None,None,False,,,8,13S,XZR,1,3,0,2108,Week 4,Toronto,MA,49,calm,fair,80,NORMAL,False,False,False,False,False,False,False,False,True,False,False,False,False,False,False,False
1Q,11,53,2,1,10,TOR,BOR,TOR50,run,10,0,113t Weak Run 20 Shotgun,113t,Weak,Shotgun,1-10poss,43 Over,Nickel Personnel,Press-2,No Blitz,None,None,Normal,DT Kent O'Neill,ILB Corbin Rainwater,,None,None,False,2,0,10,,,,,0,2108,Week 4,Toronto,MA,49,calm,fair,50,NORMAL,False,False,False,False,False,False,False,False,False,False,False,False,False,False,False,False
1Q,11,9,2,1,10,TOR,BOR,BOR40,pass,9,1,122 I Pass TXYZA 1S8WF Normal,122,I,Normal,1-10earn,43 Over,Regular Personnel,Cover-1,Blitz 1,Double,None,Normal,OLB Roman Dowell,,SLB G.Gilmore,None,None,False,,,11,1S8WF,TXYZA,1,S,0,2108,Week 4,Toronto,MA,49,calm,fair,40,NORMAL,False,False,False,False,False,False,False,False,True,False,False,False,False,False,False,False
1Q,10,40,2,2,1,TOR,BOR,BOR31,pass,25,17,113 Strong Pass AYXZR F257F Normal,113,Strong,Normal,1or2-1-2,43 Over,Nickel Personnel,Cover-2,No Blitz,None,None,Normal,OLB Gene Gilmore,,,None,None,False,,,12,F257F,AYXZR,F,2,0,2108,Week 4,Toronto,MA,49,calm,fair,31,NORMAL,False,False,False,False,False,False,False,False,True,False,False,False,False,False,False,False
1Q,9,53,2,1,6,TOR,BOR,BOR06,pass,6,0,113 Strong Pass RYXZA S08DS Normal,113,Strong,Normal,1or2opp6,43 Over,Regular Personnel,Press-2,No Blitz,None,None,Normal,,,,None,None,False,,,13,S08DS,RYXZA,S,0,0,2108,Week 4,Toronto,MA,49,calm,fair,6,OPP6,False,False,False,False,False,False,False,False,True,False,False,False,False,False,True,False
1Q,9,15,3,1,10,BOR,TOR,BOR41,pass,31,30,122 Weak Pass YXZAT 1S6SW Normal,122,Weak,Normal,1-10poss,True 34,Regular Personnel,Cover-2,No Blitz,None,None,Normal,OLB Tanner McDermott,,,None,None,False,,,16,1S6SW,YXZAT,1,S,0,2108,Week 4,Toronto,MA,49,calm,fair,59,NORMAL,False,False,False,False,False,False,False,False,True,False,False,False,False,False,False,False
1Q,8,30,3,1,10,BOR,TOR,TOR28,pass,6,0,122 Pro Pass ZAXYT 42F5F Normal,122,Pro,Normal,1-10earn,True 34,Regular Personnel,Press-2,No Blitz,Double,None,Normal,ILB Roy Dolfinger,,,None,None,False,,,17,42F5F,ZAXYT,4,2,0,2108,Week 4,Toronto,MA,49,calm,fair,28,NORMAL,False,False,False,False,False,False,False,False,True,True,False,False,False,False,False,False
1Q,8,9,3,2,4,BOR,TOR,TOR22,run,3,0,113 Strong Run 20 Normal,113,Strong,Normal,1or2-3-5,True 34,Nickel Personnel,Cover-2,No Blitz,None,None,Normal,OLB Marcus Bertolone,ILB Maurice Miller,,None,None,False,2,0,18,,,,,0,2108,Week 4,Toronto,MA,49,calm,fair,22,NORMAL,False,False,False,False,False,False,False,False,False,False,False,False,False,False,False,False
1Q,7,31,3,3,1,BOR,TOR,TOR19,run,10,0,203 I Run 23 Normal,203,I,Normal,3or4-1,True 34,Nickel Personnel,Cover-1,No Blitz,None,None,3short,OLB Tanner McDermott,,,None,None,False,2,3,19,,,,,0,2108,Week 4,Toronto,MA,49,calm,fair,19,NORMAL,False,False,False,False,False,False,False,False,False,False,False,False,False,False,False,False
1Q,6,46,3,1,9,BOR,TOR,TOR09,pass,0,0,131 Strong Pass YUTZA 023SW Normal,131,Strong,Normal,1or2-6-9,True 34,Regular Personnel,Cover-1,No Blitz,None,None,Normal,,,,None,None,False,,,20,023SW,YUTZA,0,2,0,2108,Week 4,Toronto,MA,49,calm,fair,9,NORMAL,False,False,False,False,False,False,True,True,False,True,False,False,False,False,False,False
1Q,6,40,3,2,9,BOR,TOR,TOR09,pass,0,0,203 Pro Pass XZR 13S Shotgun,203,Pro,Shotgun,1or2-6-9,True 34,Nickel Personnel,Cover-1,No Blitz,None,None,Normal,,,,None,None,False,,,21,13S,XZR,1,3,0,2108,Week 4,Toronto,MA,49,calm,fair,9,NORMAL,False,False,False,False,False,False,True,True,False,False,False,False,False,False,False,False
1Q,6,36,3,3,9,BOR,TOR,TOR09,pass,9,0,113t Strong Pass ARXYZ 21S4S Shotgun,113t,Strong,Shotgun,3or4-8-9,True 34,Nickel Personnel,Cover-3 Sky,No Blitz,None,None,3long,,,,None,None,False,,,22,21S4S,ARXYZ,2,1,0,2108,Week 4,Toronto,MA,49,calm,fair,9,NORMAL,False,False,False,False,False,False,False,False,True,False,False,False,False,False,True,False
1Q,5,55,4,1,10,TOR,BOR,TOR38,pass,6,1,023 Empty Pass YZXRT 2S97F Normal,023,Empty,Normal,1-10poss,43 Over,Nickel Personnel,Cover-2,No Blitz,None,None,Normal,CB Ernie Merola,,, DE Colby Whitson,Offsides,False,,,25,2S97F,YZXRT,2,S,0,2108,Week 4,Toronto,MA,49,calm,fair,62,NORMAL,False,False,False,False,False,False,False,False,True,False,False,False,False,False,False,False
1Q,5,46,4,1,5,TOR,BOR,TOR43,run,1,0,113 Weak Run 21 Shotgun,113,Weak,Shotgun,1or2-3-5,43 Over,Nickel Personnel,Cover-2,No Blitz,None,None,Normal,S Ty Covington,OLB Gene Gilmore,,None,None,False,2,1,26,,,,,0,2108,Week 4,Toronto,MA,49,calm,fair,57,NORMAL,False,False,False,False,False,False,False,False,False,False,False,False,False,False,False,False
1Q,5,3,4,2,4,TOR,BOR,TOR44,pass,9,2,104 I Pass AZXRS 1S7F1 Normal,104,I,Normal,1or2-3-5,43 Over,Dime Personnel,Cover-1,No Blitz,None,None,Normal,CB Roger Jones,,,None,None,False,,,27,1S7F1,AZXRS,1,S,0,2108,Week 4,Toronto,MA,49,calm,fair,56,NORMAL,False,False,False,False,False,False,False,False,True,False,False,False,False,False,False,False
1Q,4,19,4,1,10,TOR,BOR,BOR47,run,14,0,113 Weak Run 22 Shotgun,113,Weak,Shotgun,1-10earn,43 Over,Nickel Personnel,Cover-2,No Blitz,None,None,Normal,DE Colby Whitson,,,None,None,False,2,2,28,,,,,0,2108,Week 4,Toronto,MA,49,calm,fair,47,NORMAL,False,False,False,False,False,False,False,False,False,False,False,False,False,False,False,False
1Q,3,45,4,1,10,TOR,BOR,BOR33,pass,3,0,203 Pro Pass XRZAB 195S4 Normal,203,Pro,Normal,1-10earn,43 Over,Nickel Personnel,Press-1,No Blitz,None,None,Normal,ILB Corbin Rainwater,,,None,None,False,,,29,195S4,XRZAB,1,9,0,2108,Week 4,Toronto,MA,49,calm,fair,33,NORMAL,False,False,False,False,False,False,False,False,True,False,False,False,False,False,False,False
1Q,3,12,4,2,7,TOR,BOR,BOR30,run,1,0,113 Strong Run 25 Shotgun,113,Strong,Shotgun,1or2-6-9,43 Over,Nickel Personnel,Cover-2,No Blitz,None,None,Normal,CB Ernie Merola,,,None,None,False,2,5,30,,,,,0,2108,Week 4,Toronto,MA,49,calm,fair,30,NORMAL,False,False,False,False,False,False,False,False,False,False,False,False,False,False,False,False
1Q,2,38,4,3,6,TOR,BOR,BOR29,run,29,0,113 Strong Run 20 Shotgun,113,Strong,Shotgun,3or4-6-7,43 Over,Nickel Personnel,Cover-2,No Blitz,None,None,3long,,,,None,None,False,2,0,31,,,,,0,2108,Week 4,Toronto,MA,49,calm,fair,29,NORMAL,False,False,False,False,False,False,False,False,False,False,False,False,False,False,True,False
1Q,2,19,5,1,10,BOR,TOR,BOR25,pass,9,0,212 Pro Pass YZXA 1SF1 Normal,212,Pro,Normal,1-10poss,True 34,Regular Personnel,"Cover-1, Buzz",No Blitz,None,None,Normal,S Rex Sorota,,,None,None,False,,,34,1SF1,YZXA,1,S,0,2108,Week 4,Toronto,MA,49,calm,fair,75,NORMAL,False,False,False,False,False,False,False,False,True,False,False,False,False,False,False,False
1Q,1,41,5,2,1,BOR,TOR,BOR34,run,-1,0,113t Pro Run 23 Normal,113t,Pro,Normal,1or2-1-2,True 34,Nickel Personnel,Cover-2,No Blitz,None,None,Normal,DT Shaun Ballard,,,None,None,False,2,3,35,,,,,0,2108,Week 4,Toronto,MA,49,calm,fair,66,NORMAL,False,False,False,False,False,False,False,False,False,False,False,False,False,False,False,True
1Q,1,14,5,3,2,BOR,TOR,BOR33,pass,0,0,122 Strong Pass ZAXT 1205 Normal,122,Strong,Normal,3or4-2,True 34,Regular Personnel,"Cover-1, Buzz",No Blitz,None,None,3short,,,,None,None,False,,,36,1205,ZAXT,1,2,0,2108,Week 4,Toronto,MA,49,calm,fair,67,NORMAL,False,False,False,False,False,False,True,True,False,False,False,False,False,False,False,False
1Q,0,59,6,1,10,TOR,BOR,TOR39,run,-4,0,113t Strong Run 22 Shotgun,113t,Strong,Shotgun,1-10poss,43 Over,Nickel Personnel,Press-2,No Blitz,None,None,Normal,CB Ernie Merola,,,None,None,False,2,2,38,,,,,0,2108,Week 4,Toronto,MA,49,calm,fair,61,NORMAL,False,False,False,False,False,False,False,False,False,False,False,False,False,False,False,True
1Q,0,35,6,2,14,TOR,BOR,TOR35,run,-2,0,113t Strong Run 26 Pistol,113t,Strong,Pistol,1or2-13+,43 Over,Nickel Personnel,Cover-2,No Blitz,None,None,Normal,CB Harold Torrice,S Tony Caro,,None,None,False,2,6,39,,,,,0,2108,Week 4,Toronto,MA,49,calm,fair,65,NORMAL,False,False,False,False,False,False,False,False,False,False,False,False,False,False,False,True
2Q,15,0,6,3,16,TOR,BOR,TOR33,run,5,0,113 Weak Run 23 Shotgun,113,Weak,Shotgun,3or4-13-16,43 Over,Nickel Personnel,Cover-2,No Blitz,None,None,3long,S Ty Covington,DE Carter Ratto,, G Caiden Lee,Clipping,False,2,3,41,,,,,0,2108,Week 4,Toronto,MA,49,calm,fair,67,NORMAL,False,False,False,False,False,False,False,False,False,False,False,False,False,False,False,False
2Q,14,43,7,1,10,BOR,TOR,BOR24,pass,28,18,113t Weak Pass ZAXYR 23S0F Normal,113t,Weak,Normal,1-10poss,True 34,Nickel Personnel,Cover-2,No Blitz,Double,None,Normal,S Luis Pasich,,,None,None,False,,,43,23S0F,ZAXYR,2,3,0,2108,Week 4,Toronto,MA,49,calm,fair,76,NORMAL,False,False,False,False,False,False,False,False,True,False,False,False,False,False,False,False
2Q,14,4,7,1,10,BOR,TOR,TOR48,pass,0,0,113t Strong Pass AZXYR S9555 Pistol,113t,Strong,Pistol,1-10earn,True 34,Nickel Personnel,Cover-2,No Blitz,Double,None,Normal,,,,None,None,False,,,44,S9555,AZXYR,S,9,0,2108,Week 4,Toronto,MA,49,calm,fair,48,NORMAL,False,False,False,False,True,False,False,True,False,False,False,False,False,False,False,False
2Q,13,59,7,2,10,BOR,TOR,TOR48,pass,-5,0,212 Pro Pass BXYZA S1S7F Pistol,212,Pro,Pistol,1or2-10-12,True 34,Regular Personnel,Press-2,No Blitz,Double,None,Normal,,,,None,None,False,,,45,S1S7F,BXYZA,S,1,0,2108,Week 4,Toronto,MA,49,calm,fair,48,NORMAL,False,False,True,False,False,False,False,False,False,False,False,False,False,False,False,False
2Q,13,19,7,3,15,BOR,TOR,BOR47,pass,0,0,113 Weak Pass YZXAR 651S8 Shotgun,113,Weak,Shotgun,3or4-13-16,True 34,Nickel Personnel,Cover-2,No Blitz,None,None,3long,,,,None,None,False,,,46,651S8,YZXAR,6,5,0,2108,Week 4,Toronto,MA,49,calm,fair,53,NORMAL,False,False,False,False,False,False,False,False,False,False,False,False,False,False,False,False
2Q,13,6,8,1,10,BOR,TOR,TOR28,pass,0,0,113t Strong Pass RXYZ 1S32 Normal,113t,Strong,Normal,1-10earn,True 34,Nickel Personnel,Cover-2,No Blitz,Double,None,Normal,,,,None,None,False,,,48,1S32,RXYZ,1,S,0,2108,Week 4,Toronto,MA,49,calm,fair,28,NORMAL,False,False,False,False,False,False,True,True,False,False,False,False,False,False,False,False
2Q,13,1,8,2,10,BOR,TOR,TOR28,pass,0,0,113t I Pass RZXYA 08F3F Normal,113t,I,Normal,1or2-10-12,True 34,Nickel Personnel,Cover-2,No Blitz,None,None,Normal,,,, DE David Skelton,Offsides,False,,,49,08F3F,RZXYA,0,8,0,2108,Week 4,Toronto,MA,49,calm,fair,28,NORMAL,False,False,False,False,False,False,False,True,False,False,False,False,False,False,False,False
2Q,12,54,8,2,5,BOR,TOR,TOR23,run,-3,0,221 Pro Cntr. 25 Normal,221,Pro,Normal,1or2-3-5,True 34,Regular Personnel,Press-2,No Blitz,None,None,Normal,DE David Skelton,,,None,None,False,2,5,50,,,,,0,2108,Week 4,Toronto,MA,49,calm,fair,23,NORMAL,False,False,False,False,False,False,False,False,False,False,True,False,False,False,False,True
2Q,12,24,8,3,8,BOR,TOR,TOR26,pass,4,7,113 Pro Pass RAXYZ SS545 Normal,113,Pro,Normal,3or4-8-9,True 34,Nickel Personnel,Cover-2,No Blitz,Double,None,3long,DE Wes Marsh,,,None,None,False,,,51,SS545,RAXYZ,S,S,0,2108,Week 4,Toronto,MA,49,calm,fair,26,NORMAL,False,False,False,False,False,False,False,False,True,False,False,False,False,False,False,False
2Q,11,14,9,1,10,TOR,BOR,TOR33,pass,0,0,113 Pro Pass RYXZA F240S Normal,113,Pro,Normal,1-10poss,43 Over,Nickel Personnel,Cover-2,No Blitz,None,None,Normal,,,,None,None,False,,,54,F240S,RYXZA,F,2,0,2108,Week 4,Toronto,MA,49,calm,fair,67,NORMAL,False,False,False,False,True,False,False,True,False,False,False,False,False,False,False,False
2Q,11,7,9,2,10,TOR,BOR,TOR33,run,6,0,113t Strong Run 21 Pistol,113t,Strong,Pistol,1or2-10-12,43 Over,Nickel Personnel,Cover-2,No Blitz,None,None,Normal,DE Eugene Paup,,,None,None,False,2,1,55,,,,,0,2108,Week 4,Toronto,MA,49,calm,fair,67,NORMAL,False,False,False,False,False,False,False,False,False,False,False,False,False,False,False,False
2Q,10,38,9,3,4,TOR,BOR,TOR39,pass,7,4,113 Weak Pass ZXYR 1308 Pistol,113,Weak,Pistol,3or4-4-5,43 Over,Nickel Personnel,Cover-2,No Blitz,None,None,3long,DE Alfred Flake,,,None,None,False,,,56,1308,ZXYR,1,3,0,2108,Week 4,Toronto,MA,49,calm,fair,61,NORMAL,False,False,False,False,False,False,False,False,True,True,False,False,False,False,False,False
2Q,10,14,9,1,10,TOR,BOR,TOR46,run,4,0,221 Pro Run 23 Shotgun,221,Pro,Shotgun,1-10earn,43 Over,Regular Personnel,Cover-1,No Blitz,None,None,Normal,CB Roger Jones,DE Carter Ratto,, CB Ernie Merola,Unnecessary Roughness,False,2,3,57,,,,,0,2108,Week 4,Toronto,MA,49,calm,fair,54,NORMAL,False,False,False,False,False,False,False,False,False,False,False,False,False,False,False,False
2Q,10,4,9,1,10,TOR,BOR,BOR35,run,7,0,113 Strong Run 25 Shotgun,113,Strong,Shotgun,1-10earn,43 Over,Nickel Personnel,Cover-2,No Blitz,None,None,Normal,CB Ernie Merola,DT Kent O'Neill,,None,None,False,2,5,58,,,,,0,2108,Week 4,Toronto,MA,49,calm,fair,35,NORMAL,False,False,False,False,False,False,False,False,False,False,False,False,False,False,False,False
2Q,9,34,9,2,3,TOR,BOR,BOR28,run,23,0,113t Strong Run 26 Pistol,113t,Strong,Pistol,1or2-3-5,43 Over,Nickel Personnel,Press-2,No Blitz,None,None,Normal,S Tony Caro,,,None,None,False,2,6,59,,,,,0,2108,Week 4,Toronto,MA,49,calm,fair,28,NORMAL,False,False,False,False,False,False,False,False,False,False,False,False,False,False,False,False
2Q,8,54,9,1,5,TOR,BOR,BOR05,pass,0,0,113 Strong Pass RYXZA 129FS Normal,113,Strong,Normal,1or2opp6,43 Over,Regular Personnel,Cover-2,No Blitz,None,None,Normal,,,,None,None,False,,,60,129FS,RYXZA,1,2,0,2108,Week 4,Toronto,MA,49,calm,fair,5,OPP6,False,False,False,False,False,False,True,True,False,False,False,False,False,False,False,False
2Q,8,48,9,2,5,TOR,BOR,BOR05,pass,0,0,122 Weak Pass YTXZA SFD82 Normal,122,Weak,Normal,1or2opp6,43 Over,Regular Personnel,Press-2,Blitz 1,None,None,Normal,,,SLB G.Gilmore,None,None,False,,,61,SFD82,YTXZA,S,F,0,2108,Week 4,Toronto,MA,49,calm,fair,5,OPP6,False,False,False,False,True,False,False,True,False,False,False,False,False,False,False,False
2Q,8,43,9,3,5,TOR,BOR,BOR05,run,5,0,113t Strong Run 21 Pistol,113t,Strong,Pistol,3or4-4-5,43 Over,Nickel Personnel,Cover-2,No Blitz,None,None,3long,,,,None,None,False,2,1,62,,,,,0,2108,Week 4,Toronto,MA,49,calm,fair,5,OPP6,False,False,False,False,False,False,False,False,False,False,False,False,False,False,True,False
2Q,8,34,10,1,10,BOR,TOR,BOR25,run,1,0,230 I Run 22 Normal,230,I,Normal,1-10poss,True 34,Regular Personnel,Cover-1,No Blitz,None,None,Normal,DE David Skelton,,,None,None,False,2,2,65,,,,,0,2108,Week 4,Toronto,MA,49,calm,fair,75,NORMAL,False,False,False,False,False,False,False,False,False,False,False,False,False,False,False,False
2Q,8,4,10,2,9,BOR,TOR,BOR26,pass,0,0,113 Weak Pass RXZA 84S0 Normal,113,Weak,Normal,1or2-6-9,True 34,Nickel Personnel,Cover-2,No Blitz,None,None,Normal,,,,None,None,False,,,66,84S0,RXZA,8,4,0,2108,Week 4,Toronto,MA,49,calm,fair,74,NORMAL,False,False,False,False,False,False,True,True,False,False,False,False,False,False,False,False
2Q,7,58,10,3,9,BOR,TOR,BOR26,pass,7,10,113t Weak Pass AZXYR SS9W9 Normal,113t,Weak,Normal,3or4-8-9,True 34,Nickel Personnel,Cover-2,No Blitz,None,None,3long,CB Devon Kirwan,ILB Thomas Abrams,,None,None,False,,,67,SS9W9,AZXYR,S,S,0,2108,Week 4,Toronto,MA,49,calm,fair,74,NORMAL,False,False,False,False,False,False,False,False,True,False,False,False,False,False,False,False
2Q,7,11,11,1,10,TOR,BOR,TOR40,run,3,0,104 Weak Run 25 Shotgun,104,Weak,Shotgun,1-10poss,43 Over,Dime Personnel,Cover-1,No Blitz,None,None,Normal,DE Carter Ratto,,,None,None,False,2,5,69,,,,,0,2108,Week 4,Toronto,MA,49,calm,fair,60,NORMAL,False,False,False,False,False,False,False,False,False,False,False,False,False,False,False,False
2Q,6,41,11,2,7,TOR,BOR,TOR43,pass,32,13,113 Pro Pass XRYZA 8F3DS Normal,113,Pro,Normal,1or2-6-9,43 Over,Nickel Personnel,Cover-2,No Blitz,None,None,Normal,S Ty Covington,,,None,None,False,,,70,8F3DS,XRYZA,8,F,0,2108,Week 4,Toronto,MA,49,calm,fair,57,NORMAL,False,False,False,False,False,False,False,False,True,True,False,False,False,False,False,False
2Q,6,9,11,1,10,TOR,BOR,BOR25,reverse,2,0,113t Strong Rev. rev0 Pistol,113t,Strong,Pistol,1-10earn,43 Over,Nickel Personnel,Press-2,No Blitz,None,None,Normal,CB Roger Jones,,,None,None,False,rev,0,71,,,,,0,2108,Week 4,Toronto,MA,49,calm,fair,25,NORMAL,False,False,False,False,False,False,False,False,False,False,False,False,False,False,False,False
2Q,5,45,11,2,8,TOR,BOR,BOR23,pass,10,1,203 Pro Pass XRZAB 195S4 Normal,203,Pro,Normal,1or2-6-9,43 Over,Nickel Personnel,Press-1,No Blitz,None,None,Normal,S Ty Covington,,,None,None,False,,,72,195S4,XRZAB,1,9,0,2108,Week 4,Toronto,MA,49,calm,fair,23,NORMAL,False,False,False,False,False,False,False,False,True,False,False,False,False,False,False,False
2Q,5,2,11,1,10,TOR,BOR,BOR13,scramble,8,0,113t I Pass ZRXYA 074FS Normal,113t,I,Normal,1-10earn,43 Over,Nickel Personnel,Cover-2,No Blitz,None,None,Normal,S Ty Covington,,,None,None,False,,,73,074FS,ZRXYA,0,7,0,2108,Week 4,Toronto,MA,49,calm,fair,13,NORMAL,False,False,False,False,False,False,False,False,False,False,False,False,False,False,False,False
2Q,4,25,11,2,2,TOR,BOR,BOR05,run,3,0,113 Strong Run 26 Shotgun,113,Strong,Shotgun,1or2opp6,43 Over,Regular Personnel,Press-2,No Blitz,None,Spy,Normal,ILB Corbin Rainwater,OLB Gene Gilmore,,None,None,False,2,6,74,,,,,0,2108,Week 4,Toronto,MA,49,calm,fair,5,OPP6,False,False,False,False,False,False,False,False,False,False,False,False,False,False,False,False
2Q,4,3,11,1,2,TOR,BOR,BOR02,pass,2,0,122 Pro Pass ZAXYT 0391S Normal,122,Pro,Normal,1or2opp6,43 Over,Regular Personnel,Press-2,Blitz 1,None,None,Normal,,,SLB C.Ratto,None,None,False,,,75,0391S,ZAXYT,0,3,0,2108,Week 4,Toronto,MA,49,calm,fair,2,OPP6,False,False,False,False,False,False,False,False,True,True,False,False,False,False,True,False
2Q,3,57,12,1,10,BOR,TOR,BOR25,pass,0,0,212 Pro Pass BXYZA S1S7F Pistol,212,Pro,Pistol,1-10poss,True 34,Regular Personnel,"Cover-1, Buzz",No Blitz,None,None,Normal,ILB Roy Dolfinger,,,None,None,False,,,78,S1S7F,BXYZA,S,1,0,2108,Week 4,Toronto,MA,49,calm,fair,75,NORMAL,False,False,False,False,False,False,False,False,True,False,False,False,False,False,False,False
2Q,3,33,12,2,10,BOR,TOR,BOR25,pass,7,1,122 I Pass AXZT 2583 Normal,122,I,Normal,1or2-10-12,True 34,Regular Personnel,Cover-2,No Blitz,None,None,Normal,CB Devin Bass,,,None,None,False,,,79,2583,AXZT,2,5,0,2108,Week 4,Toronto,MA,49,calm,fair,75,NORMAL,False,False,False,False,False,False,False,False,True,False,False,False,False,False,False,False
2Q,3,16,12,3,3,BOR,TOR,BOR32,run,0,0,230 Weak Run 25 Normal,230,Weak,Normal,3or4-3,True 34,Regular Personnel,Cover-1,No Blitz,None,None,3long,DE David Skelton,ILB Roy Dolfinger,,None,None,False,2,5,80,,,,,0,2108,Week 4,Toronto,MA,49,calm,fair,68,NORMAL,False,False,False,False,False,False,False,False,False,False,False,False,False,False,False,False
2Q,2,31,13,1,10,BOR,TOR,TOR12,pass,9,3,122 Strong Pass ZAXT 1205 Normal,122,Strong,Normal,1-10earn,True 34,Regular Personnel,Cover-2,No Blitz,None,None,Normal,CB Devin Bass,,,None,None,False,,,82,1205,ZAXT,1,2,0,2108,Week 4,Toronto,MA,49,calm,fair,12,NORMAL,False,False,False,False,False,False,False,False,True,False,False,False,False,False,False,False
2Q,2,12,13,2,1,BOR,TOR,TOR03,pass,3,0,122 I Pass YTXZA F0501 Normal,122,I,Normal,1or2opp6,True 34,Regular Personnel,Cover-2,No Blitz,None,None,Normal,,,,None,None,False,,,83,F0501,YTXZA,F,0,0,2108,Week 4,Toronto,MA,49,calm,fair,3,OPP6,False,False,False,False,False,False,False,False,True,False,False,False,False,False,True,False
2Q,2,1,14,1,10,TOR,BOR,TOR25,pass,0,0,113t Weak Pass RXYZA 840SS Normal,113t,Weak,Normal,1-10poss,43 Over,Nickel Personnel,Cover-2,No Blitz,None,None,Normal,,,,None,None,False,,,86,840SS,RXYZA,8,4,0,2108,Week 4,Toronto,MA,49,calm,fair,75,NORMAL,False,False,False,False,False,False,False,False,False,True,False,False,False,False,False,False
2Q,1,52,14,2,10,TOR,BOR,TOR25,pass,21,17,122 Strong Pass TYXZA SF38W Normal,122,Strong,Normal,2mindrill,43 Over,Nickel Personnel,Cover-1,Blitz 1,Double,None,Normal,ILB Corbin Rainwater,,WLB G.Gilmore,None,None,False,,,88,SF38W,TYXZA,S,F,0,2108,Week 4,Toronto,MA,49,calm,fair,75,NORMAL,True,True,False,False,False,False,False,False,True,False,False,False,False,False,False,False
2Q,1,41,14,1,15,BOR,TOR,BOR49,pass,17,6,212 Pro Pass XAYZ 312D Pistol,212,Pro,Pistol,2mindrill,True 34,Nickel Personnel,"Cover-1, Buzz",No Blitz,None,None,Normal,CB Damon Daniels,,, T Craig Bunn,an Illegal Block Below the Waist,False,,,90,312D,XAYZ,3,1,0,2108,Week 4,Toronto,MA,49,calm,fair,51,NORMAL,True,False,False,False,False,False,False,False,True,False,False,False,False,False,False,False
2Q,1,30,14,1,30,BOR,TOR,BOR34,pass,0,0,212 Pro Pass BZXYA F042S Pistol,212,Pro,Pistol,2mindrill,True 34,Nickel Personnel,"Cover-1, Buzz",No Blitz,None,None,Normal,,,,None,None,False,,,91,F042S,BZXYA,F,0,0,2108,Week 4,Toronto,MA,49,calm,fair,66,NORMAL,True,False,False,False,False,False,True,True,False,False,False,False,False,False,False,False
2Q,1,26,14,2,30,BOR,TOR,BOR34,pass,0,0,122 I Pass AXZT 2583 Normal,122,I,Normal,2mindrill,True 34,Nickel Personnel,Press-2,No Blitz,Double,None,Normal,,,,None,None,False,,,92,2583,AXZT,2,5,0,2108,Week 4,Toronto,MA,49,calm,fair,66,NORMAL,True,False,False,False,False,False,True,True,False,False,False,False,False,False,False,False
2Q,1,19,14,3,30,BOR,TOR,BOR34,pass,0,0,113 Weak Pass RXYZA 5752S Shotgun,113,Weak,Shotgun,2mindrill,True 34,Nickel Personnel,Cover-3 Sky,No Blitz,None,None,3long,,,,None,None,False,,,93,5752S,RXYZA,5,7,0,2108,Week 4,Toronto,MA,49,calm,fair,66,NORMAL,True,False,False,False,False,False,False,True,False,False,False,False,False,False,False,False
2Q,1,2,15,1,10,TOR,BOR,TOR27,run,9,0,113t Weak Run 23 Shotgun,113t,Weak,Shotgun,2mindrill,43 Over,Nickel Personnel,Cover-2,No Blitz,None,None,Normal,DT Kent O'Neill,,,None,None,False,2,3,95,,,,,0,2108,Week 4,Toronto,MA,49,calm,fair,73,NORMAL,True,False,False,False,False,False,False,False,False,False,False,False,False,False,False,False
2Q,0,32,15,2,1,TOR,BOR,TOR36,pass,8,3,122 Weak Pass YTXZA SFD82 Normal,122,Weak,Normal,2mindrill,43 Over,Nickel Personnel,Cover-1,Blitz 1,Double,None,Normal,S Ty Covington,,MLB C.Rainwater,None,None,False,,,96,SFD82,YTXZA,S,F,0,2108,Week 4,Toronto,MA,49,calm,fair,64,NORMAL,True,False,False,False,False,False,False,False,True,False,False,False,False,False,False,False
2Q,0,20,15,1,10,TOR,BOR,TOR44,pass,0,0,113t I Pass RXYZA 723FS Normal,113t,I,Normal,2mindrill,43 Over,Nickel Personnel,Cover-2,No Blitz,None,None,Normal,,,,None,None,False,,,98,723FS,RXYZA,7,2,0,2108,Week 4,Toronto,MA,49,calm,fair,56,NORMAL,True,False,False,False,False,False,True,True,False,True,False,False,False,False,False,False
2Q,0,10,15,2,10,TOR,BOR,TOR44,pass,8,0,122 Pro Pass TYXZ 31SF Normal,122,Pro,Normal,2mindrill,43 Over,Nickel Personnel,Cover-1,No Blitz,Double,None,Normal,CB Roger Jones,,,None,None,False,,,99,31SF,TYXZ,3,1,0,2108,Week 4,Toronto,MA,49,calm,fair,56,NORMAL,True,False,False,False,False,False,False,False,True,False,False,False,False,False,False,False
2Q,0,1,15,3,2,TOR,BOR,BOR48,pass,48,0,014 Pro Pass ZXYRS DDDDD Shotgun,014,Pro,Shotgun,2mindrill,43 Over,Dime Personnel,Cover-1,Blitz 1,None,None,3short,,,LCB R.Jones,None,None,False,,,101,DDDDD,ZXYRS,D,D,0,2108,Week 4,Toronto,MA,49,calm,fair,48,NORMAL,True,False,False,False,False,False,False,False,True,False,False,False,False,False,True,False
3Q,14,4,17,1,10,TOR,BOR,TOR22,pass,-5,0,122 Strong Pass ZTXYA 2175S Pistol,122,Strong,Pistol,1-10earn,43 Over,Regular Personnel,Cover-1,No Blitz,Double,None,Normal,,,,None,None,False,,,107,2175S,ZTXYA,2,1,0,2108,Week 4,Toronto,MA,49,calm,fair,78,NORMAL,False,False,True,False,False,False,False,False,False,False,False,False,False,False,False,False
3Q,13,28,17,2,15,TOR,BOR,TOR17,pass,7,1,122 I Pass TXYZA 1S8WF Normal,122,I,Normal,1or2-13+,43 Over,Regular Personnel,Cover-1,Blitz 1,Double,None,Normal,CB Ernie Merola,,SLB G.Gilmore,None,None,False,,,108,1S8WF,TXYZA,1,S,0,2108,Week 4,Toronto,MA,49,calm,fair,83,NORMAL,False,False,False,False,False,False,False,False,True,False,False,False,False,False,False,False
3Q,12,49,17,3,8,TOR,BOR,TOR24,pass,5,0,113 Strong Pass RYXZA 129FS Normal,113,Strong,Normal,3or4-8-9,43 Over,Nickel Personnel,Cover-2,No Blitz,None,None,3long,S Ty Covington,,,None,None,False,,,109,129FS,RYXZA,1,2,0,2108,Week 4,Toronto,MA,49,calm,fair,76,NORMAL,False,False,False,False,False,False,False,False,True,False,False,False,False,False,False,False
3Q,12,11,18,1,10,BOR,TOR,TOR49,run,0,0,131 Pro Run 26 Normal,131,Pro,Normal,1-10poss,True 34,Regular Personnel,Cover-2,No Blitz,None,None,Normal,ILB Thomas Abrams,,,None,None,False,2,6,111,,,,,0,2108,Week 4,Toronto,MA,49,calm,fair,49,NORMAL,False,False,False,False,False,False,False,False,False,False,False,False,False,False,False,False
3Q,11,45,18,2,10,BOR,TOR,TOR49,pass,18,11,230 Pro Pass UYTAB 0512S Pistol,230,Pro,Pistol,1or2-10-12,True 34,Regular Personnel,Cover-1,No Blitz,None,None,Normal,ILB Roy Dolfinger,S Mo Grant,,None,None,False,,,112,0512S,UYTAB,0,5,0,2108,Week 4,Toronto,MA,49,calm,fair,49,NORMAL,False,False,False,False,False,False,False,False,True,False,False,False,False,False,False,False
3Q,11,14,18,1,10,BOR,TOR,TOR31,run,1,0,122 Strong Run 24 Shotgun,122,Strong,Shotgun,1-10earn,True 34,Regular Personnel,Press-2,No Blitz,None,None,Normal,OLB Tanner McDermott,,,None,None,False,2,4,113,,,,,0,2108,Week 4,Toronto,MA,49,calm,fair,31,NORMAL,False,False,False,False,False,False,False,False,False,False,False,False,False,False,False,False
3Q,10,31,18,2,9,BOR,TOR,TOR30,pass,0,0,113t Strong Pass AZXYR S9555 Pistol,113t,Strong,Pistol,1or2-6-9,True 34,Nickel Personnel,Cover-2,No Blitz,Double,None,Normal,,,,None,None,False,,,114,S9555,AZXYR,S,9,0,2108,Week 4,Toronto,MA,49,calm,fair,30,NORMAL,False,False,False,False,False,False,False,True,False,False,False,False,True,False,False,False
3Q,10,24,18,3,9,BOR,TOR,TOR30,pass,0,0,113t I Pass RZXYA 08F3F Normal,113t,I,Normal,3or4-8-9,True 34,Nickel Personnel,Cover-3 Sky,No Blitz,None,None,3long,,,,None,None,False,,,115,08F3F,RZXYA,0,8,0,2108,Week 4,Toronto,MA,49,calm,fair,30,NORMAL,False,False,False,False,False,False,False,True,False,False,False,False,True,False,False,False
3Q,10,13,19,1,10,TOR,BOR,TOR25,pass,3,0,113t Weak Pass XZAR S12F Normal,113t,Weak,Normal,1-10poss,43 Over,Nickel Personnel,Press-2,Blitz 1,None,None,Normal,CB Harold Torrice,,WLB G.Gilmore,None,None,False,,,118,S12F,XZAR,S,1,0,2108,Week 4,Toronto,MA,49,calm,fair,75,NORMAL,False,False,False,False,False,False,False,False,True,False,False,False,False,False,False,False
3Q,9,44,19,2,7,TOR,BOR,TOR28,pass,2,0,113 Strong Pass RYXZA S08DS Normal,113,Strong,Normal,1or2-6-9,43 Over,Nickel Personnel,Cover-2,No Blitz,None,None,Normal,CB Ernie Merola,,,None,None,False,,,119,S08DS,RYXZA,S,0,0,2108,Week 4,Toronto,MA,49,calm,fair,72,NORMAL,False,False,False,False,False,False,False,False,True,False,False,False,False,False,False,False
3Q,9,24,19,3,5,TOR,BOR,TOR30,pass,0,0,113 Strong Pass ZRXY 22S5 Pistol,113,Strong,Pistol,3or4-4-5,43 Over,Nickel Personnel,Cover-2,No Blitz,None,None,3long,,,, C Clifton Diekoff,Offensive Holding,False,,,120,22S5,ZRXY,2,2,0,2108,Week 4,Toronto,MA,49,calm,fair,70,NORMAL,False,False,False,False,False,False,True,True,False,False,False,False,False,False,False,False
3Q,9,10,20,1,10,BOR,TOR,BOR21,pass,14,6,203 Strong Pass XARZB 2S1W0 Normal,203,Strong,Normal,1-10poss,True 34,Nickel Personnel,Press-2,No Blitz,Double,None,Normal,CB Devon Kirwan,OLB Tanner McDermott,,None,None,False,,,122,2S1W0,XARZB,2,S,0,2108,Week 4,Toronto,MA,49,calm,fair,79,NORMAL,False,False,False,False,False,False,False,False,True,False,False,False,False,False,False,False
3Q,8,26,20,1,10,BOR,TOR,BOR35,pass,3,3,113t I Pass AXYZR S7FWW Normal,113t,I,Normal,1-10earn,True 34,Nickel Personnel,Cover-2,No Blitz,None,None,Normal,OLB Marcus Bertolone,,,None,None,False,,,123,S7FWW,AXYZR,S,7,0,2108,Week 4,Toronto,MA,49,calm,fair,65,NORMAL,False,False,False,False,False,False,False,False,True,True,False,False,False,False,False,False
3Q,8,4,20,2,7,BOR,TOR,BOR38,pass,0,0,113 Pro Pass RYXZA 1F6DF Normal,113,Pro,Normal,1or2-6-9,True 34,Nickel Personnel,Cover-2,No Blitz,Double,None,Normal,,,, C Bernard Farrell,an Illegal Shift,False,,,124,1F6DF,RYXZA,1,F,0,2108,Week 4,Toronto,MA,49,calm,fair,62,NORMAL,False,False,False,False,True,False,False,True,False,False,False,False,False,False,False,False
3Q,7,59,20,2,12,BOR,TOR,BOR33,pass,27,29,113 Pro Pass RAXYZ SS545 Normal,113,Pro,Normal,1or2-10-12,True 34,Nickel Personnel,Cover-2,No Blitz,Double,None,Normal,CB Devin Bass,,,None,None,False,,,125,SS545,RAXYZ,S,S,0,2108,Week 4,Toronto,MA,49,calm,fair,67,NORMAL,False,False,False,False,False,False,False,False,True,False,False,False,False,False,False,False
3Q,7,19,20,1,10,BOR,TOR,TOR40,pass,9,2,113t Weak Pass XAZR S119 Normal,113t,Weak,Normal,1-10earn,True 34,Nickel Personnel,Cover-2,No Blitz,Double,None,Normal,S Mo Grant,,,None,None,False,,,126,S119,XAZR,S,1,0,2108,Week 4,Toronto,MA,49,calm,fair,40,NORMAL,False,False,False,False,False,False,False,False,True,False,False,False,False,False,False,False
3Q,6,46,20,2,1,BOR,TOR,TOR31,run,0,0,131 Pro Run 20 Normal,131,Pro,Normal,1or2-1-2,True 34,Regular Personnel,Cover-2,No Blitz,None,None,Normal,S Mo Grant,,,None,None,False,2,0,127,,,,,0,2108,Week 4,Toronto,MA,49,calm,fair,31,NORMAL,False,False,False,False,False,False,False,False,False,False,False,False,False,False,False,False
3Q,6,12,20,3,1,BOR,TOR,TOR31,pass,0,0,113 Strong Pass ZXYR 224F Shotgun,113,Strong,Shotgun,3or4-1,True 34,Nickel Personnel,"Cover-1, Buzz",No Blitz,None,None,3short,,,,None,None,False,,,128,224F,ZXYR,2,2,0,2108,Week 4,Toronto,MA,49,calm,fair,31,NORMAL,False,False,False,False,True,False,False,True,False,False,False,False,False,False,False,False
3Q,5,38,21,1,10,TOR,BOR,TOR32,pass,0,0,122 Strong Pass TYXZA SF38W Normal,122,Strong,Normal,1-10poss,43 Over,Regular Personnel,Cover-1,No Blitz,Double,None,Normal,,,,None,None,False,,,131,SF38W,TYXZA,S,F,0,2108,Week 4,Toronto,MA,49,calm,fair,68,NORMAL,False,False,False,False,False,False,False,False,False,False,False,False,False,False,False,False
3Q,5,34,21,2,10,TOR,BOR,TOR32,pass,15,0,122 Pro Pass TYXZ 31SF Normal,122,Pro,Normal,1or2-10-12,43 Over,Regular Personnel,Cover-1,Blitz 1,Double,None,Normal,S Ty Covington,CB Ernie Merola,SLB G.Gilmore,None,None,False,,,132,31SF,TYXZ,3,1,0,2108,Week 4,Toronto,MA,49,calm,fair,68,NORMAL,False,False,False,False,False,False,False,False,True,False,False,False,False,False,False,False
3Q,5,10,21,1,10,TOR,BOR,TOR47,pass,10,12,131 Weak Pass AYTZU S738W Normal,131,Weak,Normal,1-10earn,43 Over,Regular Personnel,Press-1,Blitz 1,None,None,Normal,CB Ernie Merola,,MLB C.Rainwater,None,None,False,,,133,S738W,AYTZU,S,7,0,2108,Week 4,Toronto,MA,49,calm,fair,53,NORMAL,False,False,False,False,False,False,False,False,True,False,False,False,False,False,False,False
3Q,4,46,21,1,10,TOR,BOR,BOR43,run,10,0,113 Strong Run 20 Shotgun,113,Strong,Shotgun,1-10earn,43 Over,Nickel Personnel,Cover-2,No Blitz,None,None,Normal,DT Logan Jeffries,S Ty Covington,,None,None,False,2,0,134,,,,,0,2108,Week 4,Toronto,MA,49,calm,fair,43,NORMAL,False,False,False,False,False,False,False,False,False,False,False,False,False,False,False,False
3Q,4,21,21,1,10,TOR,BOR,BOR33,pass,0,0,122 Pro Pass TYXZ 31SF Normal,122,Pro,Normal,1-10earn,43 Over,Regular Personnel,Cover-1,No Blitz,Double,None,Normal,,,,None,None,False,,,135,31SF,TYXZ,3,1,0,2108,Week 4,Toronto,MA,49,calm,fair,33,NORMAL,False,False,False,False,False,False,False,False,False,False,False,False,False,False,False,False
3Q,4,15,21,2,10,TOR,BOR,BOR33,pass,0,0,113 Strong Pass AYXZR F257F Normal,113,Strong,Normal,1or2-10-12,43 Over,Nickel Personnel,Cover-2,No Blitz,None,None,Normal,,,,None,None,False,,,136,F257F,AYXZR,F,2,0,2108,Week 4,Toronto,MA,49,calm,fair,33,NORMAL,False,False,False,False,False,False,False,True,False,False,False,False,False,False,False,False
3Q,4,11,21,3,10,TOR,BOR,BOR33,pass,22,7,113t Weak Pass ZAXYR 524SS Normal,113t,Weak,Normal,3or4-10-12,43 Over,Nickel Personnel,Cover-2,No Blitz,None,None,3long,ILB Corbin Rainwater,,,None,None,False,,,137,524SS,ZAXYR,5,2,0,2108,Week 4,Toronto,MA,49,calm,fair,33,NORMAL,False,False,False,False,False,False,False,False,True,True,False,False,False,False,False,False
3Q,3,28,21,1,10,TOR,BOR,BOR11,run,4,0,113t Weak Run 20 Shotgun,113t,Weak,Shotgun,1-10earn,43 Over,Nickel Personnel,Press-2,No Blitz,None,Spy,Normal,OLB Gene Gilmore,S Tony Caro,,None,None,False,2,0,138,,,,,0,2108,Week 4,Toronto,MA,49,calm,fair,11,NORMAL,False,False,False,False,False,False,False,False,False,False,False,False,False,False,False,False
3Q,2,57,21,2,6,TOR,BOR,BOR07,run,-1,0,113 Strong Run 25 Shotgun,113,Strong,Shotgun,1or2-6-9,43 Over,Nickel Personnel,Press-2,No Blitz,None,Spy,Normal,ILB Corbin Rainwater,,,None,None,False,2,5,139,,,,,0,2108,Week 4,Toronto,MA,49,calm,fair,7,NORMAL,False,False,False,False,False,False,False,False,False,False,False,False,False,False,False,True
3Q,2,32,21,3,7,TOR,BOR,BOR08,pass,0,0,122 Strong Pass ZAXYT 2S501 Normal,122,Strong,Normal,3or4-6-7,43 Over,Regular Personnel,Cover-2,No Blitz,Double,None,3long,,,,None,None,False,,,140,2S501,ZAXYT,2,S,0,2108,Week 4,Toronto,MA,49,calm,fair,8,NORMAL,False,False,False,False,True,False,False,True,False,False,False,False,False,False,False,False
3Q,2,18,22,1,10,BOR,TOR,BOR25,pass,0,0,131 Strong Pass YUTZA 023SW Normal,131,Strong,Normal,1-10poss,True 34,Regular Personnel,Cover-2,No Blitz,Double,None,Normal,,,, T Craig Bunn,Illegal Use of the Hands,False,,,143,023SW,YUTZA,0,2,0,2108,Week 4,Toronto,MA,49,calm,fair,75,NORMAL,False,False,False,False,True,False,False,True,False,True,False,False,False,False,False,False
3Q,2,11,22,1,20,BOR,TOR,BOR15,pass,36,24,212 Pro Pass XAYZ 312D Pistol,212,Pro,Pistol,1or2-13+,True 34,Regular Personnel,Press-2,No Blitz,Double,None,Normal,OLB Tanner McDermott,,,None,None,False,,,144,312D,XAYZ,3,1,0,2108,Week 4,Toronto,MA,49,calm,fair,85,NORMAL,False,False,False,False,False,False,False,False,True,False,False,False,False,False,False,False
3Q,1,41,22,1,10,BOR,TOR,TOR49,run,-1,0,113t I Run 24 Normal,113t,I,Normal,1-10earn,True 34,Nickel Personnel,Cover-2,No Blitz,None,None,Normal,ILB Thomas Abrams,S Luis Pasich,,None,None,False,2,4,145,,,,,0,2108,Week 4,Toronto,MA,49,calm,fair,49,NORMAL,False,False,False,False,False,False,False,False,False,False,False,False,False,False,False,True
3Q,1,14,22,2,11,BOR,TOR,TOR50,run,3,0,230 Weak Run 25 Normal,230,Weak,Normal,1or2-10-12,True 34,Regular Personnel,Cover-1,No Blitz,None,None,Normal,S Rex Sorota,OLB Tanner McDermott,,None,None,False,2,5,146,,,,,0,2108,Week 4,Toronto,MA,49,calm,fair,50,NORMAL,False,False,False,False,False,False,False,False,False,False,False,False,False,False,False,False
3Q,0,49,22,3,8,BOR,TOR,TOR47,pass,0,0,113t Strong Pass ARXYZ 21S4S Shotgun,113t,Strong,Shotgun,3or4-8-9,True 34,Nickel Personnel,Cover-2,No Blitz,None,None,3long,,,,None,None,False,,,147,21S4S,ARXYZ,2,1,0,2108,Week 4,Toronto,MA,49,calm,fair,47,NORMAL,False,False,False,False,True,False,False,True,False,False,False,False,False,False,False,False
3Q,0,39,23,1,10,TOR,BOR,TOR20,run,6,0,113t Weak Run 20 Shotgun,113t,Weak,Shotgun,1-10poss,43 Over,Nickel Personnel,Cover-2,No Blitz,None,None,Normal,DE Eugene Paup,DE Colby Whitson,,None,None,False,2,0,149,,,,,0,2108,Week 4,Toronto,MA,49,calm,fair,80,NORMAL,False,False,False,False,False,False,False,False,False,False,False,False,False,False,False,False
3Q,0,12,23,2,4,TOR,BOR,TOR26,reverse,15,0,113 Weak Rev. rev7 Normal,113,Weak,Normal,1or2-3-5,43 Over,Nickel Personnel,Press-2,No Blitz,None,None,Normal,ILB Corbin Rainwater,DT Logan Jeffries,,None,None,False,rev,7,150,,,,,0,2108,Week 4,Toronto,MA,49,calm,fair,74,NORMAL,False,False,False,False,False,False,False,False,False,False,False,False,False,False,False,False
4Q,15,0,23,1,10,TOR,BOR,TOR41,run,1,0,104 Weak Run 24 Shotgun,104,Weak,Shotgun,1-10earn,43 Over,Dime Personnel,Cover-1,No Blitz,None,None,Normal,CB Harold Torrice,CB Roger Jones,,None,None,False,2,4,152,,,,,0,2108,Week 4,Toronto,MA,49,calm,fair,59,NORMAL,False,False,False,False,False,False,False,False,False,False,False,False,False,False,False,False
4Q,14,27,23,2,9,TOR,BOR,TOR42,pass,31,23,113 Pro Pass XRYZA 8F3DS Normal,113,Pro,Normal,1or2-6-9,43 Over,Nickel Personnel,Press-2,Blitz 1,None,None,Normal,CB Harold Torrice,,NB R.Jones,None,None,False,,,153,8F3DS,XRYZA,8,F,0,2108,Week 4,Toronto,MA,49,calm,fair,58,NORMAL,False,False,False,False,False,False,False,False,True,True,False,False,False,False,False,False
4Q,13,43,23,1,10,TOR,BOR,BOR27,pass,0,0,113 Strong Pass YRXZA 2814F Shotgun,113,Strong,Shotgun,1-10earn,43 Over,Nickel Personnel,Cover-2,No Blitz,None,None,Normal,,,,None,None,False,,,154,2814F,YRXZA,2,8,0,2108,Week 4,Toronto,MA,49,calm,fair,27,NORMAL,False,False,False,False,False,False,False,False,False,False,False,False,False,False,False,False
4Q,13,39,23,2,10,TOR,BOR,BOR27,run,5,0,113t Strong Run 21 Pistol,113t,Strong,Pistol,1or2-10-12,43 Over,Nickel Personnel,Cover-2,No Blitz,None,None,Normal,CB Ernie Merola,OLB Gene Gilmore,,None,None,False,2,1,155,,,,,0,2108,Week 4,Toronto,MA,49,calm,fair,27,NORMAL,False,False,False,False,False,False,False,False,False,False,False,False,False,False,False,False
4Q,12,55,23,3,5,TOR,BOR,BOR22,pass,0,0,113 Pro Pass RYXZA F240S Normal,113,Pro,Normal,3or4-4-5,43 Over,Nickel Personnel,Cover-2,No Blitz,None,None,3long,,,,None,None,False,,,156,F240S,RYXZA,F,2,0,2108,Week 4,Toronto,MA,49,calm,fair,22,NORMAL,False,False,False,False,False,False,True,True,False,False,False,False,False,False,False,False
4Q,12,21,24,1,10,BOR,TOR,BOR40,run,-4,0,113t Pro Run 23 Normal,113t,Pro,Normal,1-10poss,True 34,Nickel Personnel,Cover-2,No Blitz,None,None,Normal,DT Shaun Ballard,,,None,None,False,2,3,159,,,,,0,2108,Week 4,Toronto,MA,49,calm,fair,60,NORMAL,False,False,False,False,False,False,False,False,False,False,False,False,False,False,False,True
4Q,11,54,24,2,14,BOR,TOR,BOR36,pass,4,0,212 Pro Pass BZXYA F042S Pistol,212,Pro,Pistol,1or2-13+,True 34,Regular Personnel,Press-2,No Blitz,Double,None,Normal,DT Todd Bennett,OLB Tanner McDermott,, CB Phil Rodgers,Illegal Contact,False,,,160,F042S,BZXYA,F,0,0,2108,Week 4,Toronto,MA,49,calm,fair,64,NORMAL,False,False,False,False,False,False,False,False,True,False,False,False,False,False,False,False
4Q,11,48,24,1,10,BOR,TOR,BOR41,run,4,0,113 Strong Run 25 Normal,113,Strong,Normal,1-10earn,True 34,Nickel Personnel,Cover-2,No Blitz,None,None,Normal,DE David Skelton,DE Seth Sciullo,,None,None,False,2,5,161,,,,,0,2108,Week 4,Toronto,MA,49,calm,fair,59,NORMAL,False,False,False,False,False,False,False,False,False,False,False,False,False,False,False,False
4Q,11,12,24,2,6,BOR,TOR,BOR45,pass,0,0,014 Pistol Pass XZYRS 2FS76 Normal,014,Pistol,Normal,1or2-6-9,True 34,Dime Personnel,"Cover-3 Sky, Buzz",No Blitz,None,None,Normal,,,,None,None,False,,,162,2FS76,XZYRS,2,F,0,2108,Week 4,Toronto,MA,49,calm,fair,55,NORMAL,False,False,False,False,False,False,False,True,False,False,False,False,True,False,False,False
4Q,11,8,24,3,6,BOR,TOR,BOR45,pass,7,7,113t Weak Pass XAZR S119 Normal,113t,Weak,Normal,3or4-6-7,True 34,Nickel Personnel,Cover-2,No Blitz,None,None,3long,S Luis Pasich,ILB Roy Dolfinger,,None,None,False,,,163,S119,XAZR,S,1,0,2108,Week 4,Toronto,MA,49,calm,fair,55,NORMAL,False,False,False,False,False,False,False,False,True,False,False,False,False,False,False,False
4Q,10,31,24,1,10,BOR,TOR,TOR48,pass,5,4,113t Weak Pass ZXYAR FS627 Pistol,113t,Weak,Pistol,1-10earn,True 34,Nickel Personnel,Cover-2,No Blitz,Double,None,Normal,CB Frederick Peterson,S Mo Grant,,None,None,False,,,164,FS627,ZXYAR,F,S,0,2108,Week 4,Toronto,MA,49,calm,fair,48,NORMAL,False,False,False,False,False,False,False,False,True,False,False,False,False,False,False,False
4Q,10,6,24,2,5,BOR,TOR,TOR43,reverse,-1,0,212 Pro Rev. rev0 Normal,212,Pro,Normal,1or2-3-5,True 34,Regular Personnel,"Cover-1, Buzz",No Blitz,None,None,Normal,ILB Roy Dolfinger,,,None,None,False,rev,0,165,,,,,0,2108,Week 4,Toronto,MA,49,calm,fair,43,NORMAL,False,False,False,False,False,False,False,False,False,False,False,False,False,False,False,True
4Q,9,31,24,3,6,BOR,TOR,TOR44,pass,5,5,113t Weak Pass AZXYR SS9W9 Normal,113t,Weak,Normal,3or4-6-7,True 34,Nickel Personnel,Cover-3 Sky,No Blitz,None,None,3long,DT Shaun Ballard,ILB Thomas Abrams,,None,None,False,,,166,SS9W9,AZXYR,S,S,0,2108,Week 4,Toronto,MA,49,calm,fair,44,NORMAL,False,False,False,False,False,False,False,False,True,False,False,False,False,False,False,False
4Q,8,55,24,4,1,BOR,TOR,TOR39,run,0,0,203 I Run 23 Normal,203,I,Normal,3or4-1,True 34,Goal Line Personnel,"Man to Man, Buzz",No Blitz,None,None,3short,S Rex Sorota,,,None,None,False,2,3,167,,,,,0,2108,Week 4,Toronto,MA,49,calm,fair,39,NORMAL,False,True,False,False,False,False,False,False,False,False,False,False,False,False,False,False
4Q,8,46,24,1,10,TOR,BOR,TOR39,pass,3,0,023 Empty Pass YZXRT 2S97F Normal,023,Empty,Normal,1-10poss,43 Over,Nickel Personnel,Cover-2,No Blitz,None,None,Normal,CB Ernie Merola,,,None,None,False,,,168,2S97F,YZXRT,2,S,0,2108,Week 4,Toronto,MA,49,calm,fair,61,NORMAL,False,False,False,False,False,False,False,False,True,False,False,False,False,False,False,False
4Q,8,6,24,2,7,TOR,BOR,TOR42,pass,0,0,203 Pro Pass XRZAB 195S4 Normal,203,Pro,Normal,1or2-6-9,43 Over,Nickel Personnel,Press-1,No Blitz,None,None,Normal,,,, C Clifton Diekoff,Offensive Holding,False,,,169,195S4,XRZAB,1,9,0,2108,Week 4,Toronto,MA,49,calm,fair,58,NORMAL,False,False,False,False,False,False,False,False,False,False,False,False,False,False,False,False
4Q,7,48,24,2,22,TOR,BOR,TOR27,pass,13,12,113 I Pass ZRXYA 4F8SW Normal,113,I,Normal,1or2-13+,43 Over,Nickel Personnel,Cover-2,No Blitz,None,None,Normal,ILB Corbin Rainwater,,,None,None,False,,,171,4F8SW,ZRXYA,4,F,0,2108,Week 4,Toronto,MA,49,calm,fair,73,NORMAL,False,False,False,False,False,False,False,False,True,True,False,False,False,False,False,False
4Q,6,51,24,3,4,TOR,BOR,TOR45,pass,0,0,113t Weak Pass RAXYZ 02719 Normal,113t,Weak,Normal,3or4-4-5,43 Over,Nickel Personnel,Cover-2,No Blitz,None,None,3long,,,,None,None,False,,,173,02719,RAXYZ,0,2,0,2108,Week 4,Toronto,MA,49,calm,fair,55,NORMAL,False,False,False,False,True,False,False,True,False,False,False,False,False,False,False,False
4Q,6,38,25,1,10,BOR,TOR,BOR32,pass,0,0,230 Pro Pass BUTYA 110FS Shotgun,230,Pro,Shotgun,1-10poss,True 34,Regular Personnel,Cover-1,No Blitz,None,None,Normal,,,, C Bernard Farrell,Offensive Holding,False,,,175,110FS,BUTYA,1,1,0,2108,Week 4,Toronto,MA,49,calm,fair,68,NORMAL,False,False,False,False,False,False,True,True,False,False,False,False,False,False,False,False
4Q,6,31,25,1,20,BOR,TOR,BOR22,pass,0,0,122 I Pass AXZT 2583 Normal,122,I,Normal,1or2-13+,True 34,Regular Personnel,Press-2,No Blitz,None,None,Normal,,,,None,None,False,,,176,2583,AXZT,2,5,0,2108,Week 4,Toronto,MA,49,calm,fair,78,NORMAL,False,False,False,False,False,False,False,True,False,False,False,False,True,False,False,False
4Q,6,27,25,2,20,BOR,TOR,BOR22,pass,0,0,113 Strong Pass RZXY 124F Normal,113,Strong,Normal,1or2-13+,True 34,Nickel Personnel,Cover-2,No Blitz,None,None,Normal,,,,None,None,False,,,177,124F,RZXY,1,2,0,2108,Week 4,Toronto,MA,49,calm,fair,78,NORMAL,False,False,False,False,False,True,False,False,False,False,False,False,False,False,False,False
4Q,6,22,25,3,20,BOR,TOR,BOR22,pass,0,0,203 Strong Pass XARZB 2S1W0 Normal,203,Strong,Normal,3or4-17+,True 34,Nickel Personnel,Press-2,No Blitz,None,None,3long,,,,None,None,False,,,178,2S1W0,XARZB,2,S,0,2108,Week 4,Toronto,MA,49,calm,fair,78,NORMAL,False,False,False,False,False,False,False,True,False,False,False,False,True,False,False,False
4Q,6,7,26,1,10,TOR,BOR,BOR49,run,3,0,113t Strong Run 22 Shotgun,113t,Strong,Shotgun,1-10poss,43 Over,Nickel Personnel,Cover-2,No Blitz,None,None,Normal,DT Kent O'Neill,CB Ernie Merola,,None,None,False,2,2,180,,,,,0,2108,Week 4,Toronto,MA,49,calm,fair,49,NORMAL,False,False,False,False,False,False,False,False,False,False,False,False,False,False,False,False
4Q,5,20,26,2,7,TOR,BOR,BOR46,pass,4,4,113 Strong Pass RYXZA S08DS Normal,113,Strong,Normal,1or2-6-9,43 Over,Nickel Personnel,Press-2,Blitz 1,None,None,Normal,ILB Corbin Rainwater,DT Kent O'Neill,LCB E.Merola,None,None,False,,,181,S08DS,RYXZA,S,0,0,2108,Week 4,Toronto,MA,49,calm,fair,46,NORMAL,False,False,False,False,False,False,False,False,True,False,False,False,False,False,False,False
4Q,4,37,26,3,3,TOR,BOR,BOR42,pass,25,1,113t I Pass ZRXYA 074FS Normal,113t,I,Normal,3or4-3,43 Over,Nickel Personnel,Cover-2,No Blitz,None,None,3long,S Tony Caro,,,None,None,False,,,182,074FS,ZRXYA,0,7,0,2108,Week 4,Toronto,MA,49,calm,fair,42,NORMAL,False,False,False,False,False,False,False,False,True,False,False,False,False,False,False,False
4Q,3,53,26,1,10,TOR,BOR,BOR17,run,-4,0,113t Strong Run 25 Shotgun,113t,Strong,Shotgun,1-10earn,43 Over,Nickel Personnel,Press-2,No Blitz,None,Spy,Normal,OLB Gene Gilmore,DE Eugene Paup,,None,None,False,2,5,183,,,,,0,2108,Week 4,Toronto,MA,49,calm,fair,17,NORMAL,False,False,False,False,False,False,False,False,False,False,False,False,False,False,False,True
4Q,3,6,26,2,14,TOR,BOR,BOR21,run,1,0,113t Strong Run 26 Pistol,113t,Strong,Pistol,1or2-13+,43 Over,Nickel Personnel,Press-2,No Blitz,None,None,Normal,DE Eugene Paup,DT Logan Jeffries,, TE Gary Whitlow,Offensive Holding,False,2,6,184,,,,,0,2108,Week 4,Toronto,MA,49,calm,fair,21,NORMAL,False,False,False,False,False,False,False,False,False,False,False,False,False,False,False,False
4Q,2,56,26,2,24,TOR,BOR,BOR31,run,-1,0,113t Strong Run 26 Pistol,113t,Strong,Pistol,1or2-13+,43 Over,Nickel Personnel,Press-2,No Blitz,None,None,Normal,DT Kent O'Neill,ILB Corbin Rainwater,,None,None,False,2,6,185,,,,,0,2108,Week 4,Toronto,MA,49,calm,fair,31,NORMAL,False,False,False,False,False,False,False,False,False,False,False,False,False,False,False,True
4Q,2,46,26,3,25,TOR,BOR,BOR32,run,3,0,113t Weak Run 24 Shotgun,113t,Weak,Shotgun,3or4-17+,43 Over,Nickel Personnel,Cover-2,No Blitz,None,None,3long,OLB Roman Dowell,ILB Corbin Rainwater,,None,None,False,2,4,187,,,,,0,2108,Week 4,Toronto,MA,49,calm,fair,32,NORMAL,False,False,False,False,False,False,False,False,False,False,False,False,False,False,False,False
4Q,2,26,27,1,10,BOR,TOR,BOR42,pass,0,0,230 Pro Pass BUTYA 110FS Shotgun,230,Pro,Shotgun,1-10poss,True 34,Nickel Personnel,Cover-1,No Blitz,None,None,Normal,,,,None,None,False,,,190,110FS,BUTYA,1,1,0,2108,Week 4,Toronto,MA,49,calm,fair,58,NORMAL,False,False,False,False,False,False,False,False,False,False,False,False,False,False,False,False
4Q,2,22,27,2,10,BOR,TOR,BOR42,pass,0,0,230 Strong Pass UAYB 6W82 Normal,230,Strong,Normal,1or2-10-12,True 34,Nickel Personnel,Cover-1,No Blitz,None,None,Normal,,,,None,None,False,,,191,6W82,UAYB,6,W,0,2108,Week 4,Toronto,MA,49,calm,fair,58,NORMAL,False,False,False,False,False,True,False,False,False,False,False,False,False,False,False,False
4Q,2,13,27,3,10,BOR,TOR,BOR42,pass,0,0,113 Strong Pass RZXYA 318S2 Normal,113,Strong,Normal,3or4-10-12,True 34,Nickel Personnel,Cover-3 Sky,No Blitz,None,None,3long,,,,None,None,False,,,192,318S2,RZXYA,3,1,0,2108,Week 4,Toronto,MA,49,calm,fair,58,NORMAL,False,False,False,False,False,False,False,True,False,False,False,False,True,False,False,False
4Q,2,7,27,4,15,BOR,TOR,BOR37,pass,0,0,221 Pro Pass TYZAB 862W1 Pistol,221,Pro,Pistol,3or4-13-16,True 34,Nickel Personnel,Cover-2,No Blitz,None,None,3long,,,,None,None,False,,,194,862W1,TYZAB,8,6,0,2108,Week 4,Toronto,MA,49,calm,fair,63,NORMAL,False,False,False,False,True,False,False,True,False,False,False,False,False,False,False,False
4Q,2,1,27,1,10,TOR,BOR,BOR37,run,2,0,113t Strong Run 21 Pistol,113t,Strong,Pistol,1-10poss,43 Over,Nickel Personnel,Press-2,No Blitz,None,None,Normal,DT Logan Jeffries,CB Roger Jones,,None,None,False,2,1,195,,,,,0,2108,Week 4,Toronto,MA,49,calm,fair,37,NORMAL,False,False,False,False,False,False,False,False,False,False,False,False,False,False,False,False
4Q,1,54,27,2,8,TOR,BOR,BOR35,run,1,0,113 Strong Run 25 Shotgun,113,Strong,Shotgun,2mindrill,43 Over,Nickel Personnel,Cover-2,No Blitz,None,None,Normal,DE Eugene Paup,DT Kent O'Neill,,None,None,False,2,5,197,,,,,0,2108,Week 4,Toronto,MA,49,calm,fair,35,NORMAL,True,False,False,False,False,False,False,False,False,False,False,False,False,False,False,False
4Q,1,42,27,3,7,TOR,BOR,BOR34,run,3,0,113 Strong Run 26 Shotgun,113,Strong,Shotgun,2mindrill,43 Over,Nickel Personnel,Cover-2,No Blitz,None,None,3long,CB Roger Jones,CB Harold Torrice,, G Harrison Garner,Offensive Holding,False,2,6,199,,,,,0,2108,Week 4,Toronto,MA,49,calm,fair,34,NORMAL,True,False,False,False,False,False,False,False,False,False,False,False,False,False,False,False
4Q,1,27,28,1,10,BOR,TOR,BOR20,pass,0,0,113t Weak Pass ZAXYR 23S0F Normal,113t,Weak,Normal,2mindrill,True 34,Dime Personnel,Cover-2,No Blitz,Double,None,Normal,,,,None,None,False,,,201,23S0F,ZAXYR,2,3,0,2108,Week 4,Toronto,MA,49,calm,fair,80,NORMAL,True,False,False,False,True,False,False,True,False,False,False,False,False,False,False,False
4Q,1,20,28,2,10,BOR,TOR,BOR20,pass,22,12,113t Weak Pass YZXAR WD2S5 Pistol,113t,Weak,Pistol,2mindrill,True 34,Dime Personnel,Cover-2,No Blitz,Double,None,Normal,CB Phil Rodgers,,,None,None,False,,,202,WD2S5,YZXAR,W,D,0,2108,Week 4,Toronto,MA,49,calm,fair,80,NORMAL,True,False,False,False,False,False,False,False,True,False,False,False,False,False,False,False
4Q,0,54,28,1,10,BOR,TOR,BOR42,pass,6,0,113 Strong Pass RZXY 124F Normal,113,Strong,Normal,2mindrill,True 34,Dime Personnel,Cover-2,No Blitz,Double,None,Normal,CB Phil Rodgers,,,None,None,False,,,203,124F,RZXY,1,2,0,2108,Week 4,Toronto,MA,49,calm,fair,58,NORMAL,True,False,False,False,False,False,False,False,True,False,False,False,False,False,False,False
4Q,0,35,28,3,4,BOR,TOR,BOR48,pass,0,0,203 Strong Pass XARZB 2S1W0 Normal,203,Strong,Normal,2mindrill,True 34,Dime Personnel,Cover-2,No Blitz,Double,None,3long,,,,None,None,False,,,205,2S1W0,XARZB,2,S,0,2108,Week 4,Toronto,MA,49,calm,fair,52,NORMAL,True,False,False,False,True,False,False,True,False,False,False,False,False,False,False,False
4Q,0,28,28,4,4,BOR,TOR,BOR48,pass,8,1,230 Pro Pass BUTYA 110FS Shotgun,230,Pro,Shotgun,2mindrill,True 34,Dime Personnel,Cover-2,No Blitz,Double,None,3long,S Luis Pasich,,,None,None,False,,,206,110FS,BUTYA,1,1,0,2108,Week 4,Toronto,MA,49,calm,fair,52,NORMAL,True,False,False,False,False,False,False,False,True,False,False,False,False,False,False,False
4Q,0,5,28,1,10,BOR,TOR,TOR44,pass,0,0,014 Pro Pass ZXYRS DDDDD Shotgun,014,Pro,Shotgun,2mindrill,True 34,Dime Personnel,Cover-2,No Blitz,Double,None,Normal,,,,None,None,False,,,207,DDDDD,ZXYRS,D,D,0,2108,Week 4,Toronto,MA,49,calm,fair,44,NORMAL,True,False,False,False,True,False,False,True,False,False,False,False,False,False,False,False
